<assembly xmlns="http://maven.apache.org/ASSEMBLY/2.0.0"
          xmlns:xsi="http://www.w3.org/2001/XMLSchema-instance"
          xsi:schemaLocation="http://maven.apache.org/ASSEMBLY/2.0.0 http://maven.apache.org/xsd/assembly-2.0.0.xsd">
<!--
/**
 * Licensed to the Apache Software Foundation (ASF) under one
 * or more contributor license agreements.  See the NOTICE file
 * distributed with this work for additional information
 * regarding copyright ownership.  The ASF licenses this file
 * to you under the Apache License, Version 2.0 (the
 * "License"); you may not use this file except in compliance
 * with the License.  You may obtain a copy of the License at
 *
 *     http://www.apache.org/licenses/LICENSE-2.0
 *
 * Unless required by applicable law or agreed to in writing, software
 * distributed under the License is distributed on an "AS IS" BASIS,
 * WITHOUT WARRANTIES OR CONDITIONS OF ANY KIND, either express or implied.
 * See the License for the specific language governing permissions and
 * limitations under the License.
 */
-->
  <id>source-package</id>
  <formats>
    <format>tar.gz</format>
  </formats>
  <includeBaseDirectory>true</includeBaseDirectory>
  <componentDescriptors>
    <componentDescriptor>src/main/assembly/components.xml</componentDescriptor>
  </componentDescriptors>

  <fileSets>
    <fileSet>
      <directory>${project.basedir}/../zookeeper-assembly</directory>
      <excludes>
        <exclude>**/target/**</exclude>
      </excludes>
      <outputDirectory>zookeeper-assembly</outputDirectory>
      <fileMode>${rw.file.permission}</fileMode>
      <directoryMode>${rwx.file.permission}</directoryMode>
    </fileSet>
    <fileSet>
      <directory>${project.basedir}/../zookeeper-client</directory>
      <excludes>
        <exclude>**/target/**</exclude>
      </excludes>
      <outputDirectory>zookeeper-client</outputDirectory>
      <fileMode>${rw.file.permission}</fileMode>
      <directoryMode>${rwx.file.permission}</directoryMode>
    </fileSet>
    <fileSet>
      <directory>${project.basedir}/../zookeeper-contrib</directory>
      <excludes>
        <exclude>**/target/**</exclude>
      </excludes>
      <outputDirectory>zookeeper-contrib</outputDirectory>
      <fileMode>${rw.file.permission}</fileMode>
      <directoryMode>${rwx.file.permission}</directoryMode>
    </fileSet>
    <fileSet>
      <directory>${project.basedir}/../zookeeper-docs</directory>
      <excludes>
        <exclude>**/target/**</exclude>
      </excludes>
      <outputDirectory>zookeeper-docs</outputDirectory>
      <fileMode>${rw.file.permission}</fileMode>
      <directoryMode>${rwx.file.permission}</directoryMode>
    </fileSet>
    <fileSet>
      <directory>${project.basedir}/../zookeeper-it</directory>
      <excludes>
        <exclude>**/target/**</exclude>
      </excludes>
      <outputDirectory>zookeeper-it</outputDirectory>
      <fileMode>${rw.file.permission}</fileMode>
      <directoryMode>${rwx.file.permission}</directoryMode>
    </fileSet>
    <fileSet>
      <directory>${project.basedir}/../zookeeper-jute</directory>
      <excludes>
        <exclude>**/target/**</exclude>
      </excludes>
      <outputDirectory>zookeeper-jute</outputDirectory>
      <fileMode>${rw.file.permission}</fileMode>
      <directoryMode>${rwx.file.permission}</directoryMode>
    </fileSet>
    <fileSet>
      <directory>${project.basedir}/../zookeeper-recipes</directory>
      <excludes>
        <exclude>**/target/**</exclude>
      </excludes>
      <outputDirectory>zookeeper-recipes</outputDirectory>
      <fileMode>${rw.file.permission}</fileMode>
      <directoryMode>${rwx.file.permission}</directoryMode>
    </fileSet>
    <fileSet>
      <directory>${project.basedir}/../zookeeper-server</directory>
      <excludes>
        <exclude>**/target/**</exclude>
      </excludes>
      <outputDirectory>zookeeper-server</outputDirectory>
      <fileMode>${rw.file.permission}</fileMode>
      <directoryMode>${rwx.file.permission}</directoryMode>
    </fileSet>
    <fileSet>
      <directory>${project.basedir}/..</directory>
      <outputDirectory>.</outputDirectory>
      <includes>
        <include>pom.xml</include>
        <include>build.xml</include>
        <include>ivy.xml</include>
        <include>ivysettings.xml</include>
        <include>excludeFindBugsFilter.xml</include>
        <include>owaspSuppressions.xml</include>
      </includes>
      <fileMode>${rw.file.permission}</fileMode>
    </fileSet>
  </fileSets>
</assembly>
